/p/CQc_SDpHLgJ/, 0
/p/CQYMkaiH7rk/, 0
/p/CQS6htjHJ6U/, 0
/p/CQQ47IWnD_H/, 0
/p/CQOUhajHyy6/, 0
/p/CQNxm7dH8px/, 0
/p/CQL2-7mHu8S/, 0
/p/CQImW3ynv2d/, 0
/p/CQEjqKUHgg2/, 0
/p/CQAuTRCn1ra/, 0
/p/CP-Xb0DHGSc/, 0
/p/CP-P221n-hA/, 0
/p/CP3FBeSnDQW/, 0
/p/CP2_5ZwnBi3/, 0
/p/CPz8qmZnHVF/, 0
/p/CPvTNt5H40Z/, 0
/p/CPvSugfH1T1/, 0
/p/CPtpreOH_cI/, 0
/p/CPstXNhHg_K/, 0
/p/CPqAS7LHu8P/, 0
/p/CPk8UpuH6LT/, 0
/p/CPcwPEcngY6/, 0
/p/CPbbGMxn2BN/, 0
/p/CPa6Ff6nFZ9/, 0
/p/CPVGs_9Hf_w/, 0
/p/CPRSn4JH6Xt/, 0
/p/CPPfmvNnv4F/, 0
/p/CPN-H4GnBsY/, 0
/p/CPGa84SnSBq/, 0
/p/CPAzFFvntlg/, 0
/p/CO792fynfpt/, 0
/p/CO2b3p8HtHh/, 0
/p/COj85VtndFY/, 0
/p/COdtxSInsLg/, 0
/p/COPfmgpHyjX/, 0
/p/COIuOAOHMKz/, 0
/p/COBAchjnkH-/, 0
/p/COAff3ynIUD/, 0
/p/CN7R4NVns6R/, 0
/p/CN2aUjPHVA_/, 0
/p/CN2NxIhH-9t/, 0
/p/CNsUzHzHq6B/, 0
/p/CNpJXb6HhIf/, 0
/p/CNefnHdH9cL/, 0
/p/CNbw6xBncZX/, 0
/p/CNZY32Sn01F/, 0
/p/CNWSdkHnpBB/, 0
/p/CM9bf-yHxZN/, 0
/p/CM162urH4s5/, 0
/p/CMwb0dVnKmg/, 0
/p/CMZKoHgnPJd/, 0
/p/CMXNqwiHqe1/, 0
/p/CMWsVtAHd1m/, 0
/p/CMHK3EpHqIc/, 0
/p/CL_kPZin0UL/, 0
/p/CL4B1SqHh_B/, 0
/p/CL1yU1Dn7CW/, 0
/p/CLwxDktHw78/, 0
/p/CLgqTs3HHe3/, 0
/p/CLeoxWonP2Q/, 0
/p/CLRlAcoHVTk/, 0
/p/CLOzi9lnBfi/, 0
/p/CLJpinFH6KC/, 0
/p/CLHNroRH5TV/, 0
/p/CK8y0fXnCa7/, 0
/p/CK5rvkZHZ3F/, 0
/p/CKqnlAfnYT6/, 0
/p/CKalBson3ov/, 0
/p/CKWwvhjnw0J/, 0
/p/CKWm9Rznbyi/, 0
/p/CKRQ11gn3D7/, 0
/p/CKLgSgaHjFe/, 0
/p/CKF3TkQHDUC/, 0
/p/CKEyRYnnBYd/, 0
/p/CJ6tg1Hnc-v/, 0
/p/CJ6QBcOn_dq/, 0
/p/CJrPhDVnbpZ/, 0
/p/CJqEC8xn-n0/, 0
/p/CJikvEkniU8/, 0
/p/CJgWNHMH232/, 0
/p/CJeCLE3nAIj/, 0
/p/CJYzWKPHV93/, 0
/p/CJS14pInyfp/, 0
/p/CJDnLAMnduH/, 0
/p/CI5tY2aHYlk/, 0
/p/CI2OhrTnCkP/, 0
/p/CIfkYy5nuIZ/, 0
/p/CIaVMeQnKL3/, 0
/p/CIQna2EnAzV/, 0
/p/CIJRdCoHiEh/, 0
/p/CIFcSnVHra3/, 0
/p/CIE6K0ynjqr/, 0
/p/CH8mD44HorO/, 0
/p/CH7Bn1inFqV/, 0
/p/CH2MEaqnhJf/, 0
/p/CH0DxKBH0l-/, 0
/p/CHx_YlunF0h/, 0
/p/CHutNGyHnGd/, 0
/p/CHs9Lx3nMYc/, 0
/p/CHpfQv0HjZV/, 1
/p/CHgK2m7n-gW/, 0
/p/CHMa9fyn6j1/, 0
/p/CHK8BZbHeku/, 0
/p/CHCsXe0HJl7/, 0
/p/CHChSqAn-5T/, 0
/p/CHAtyTbn8XN/, 0
/p/CG-LgWDHfPH/, 0
/p/CG4oKknnamx/, 0
/p/CGzG159Hwht/, 0
/p/CGuiDw7nmsh/, 0
/p/CGiGXegn8X9/, 0
/p/CGb_08onFTa/, 0
/p/CGadeFCn8II/, 0
/p/CGKEHYYHbCz/, 0
/p/CGJxQdlnd_g/, 0
/p/CGHwP3rnMSb/, 0
/p/CF997wEnZ4d/, 0
/p/CFwyIYEBMYI/, 0
/p/CFtrKizHGdV/, 0
/p/CFpDhdYHR-9/, 0
/p/CFlMzqdH6PQ/, 0
/p/CFjMaX4nsTm/, 0
/p/CFYdsTpntn1/, 0
/p/CFUv_cNnkg9/, 0
/p/CFRoKcwHPF1/, 0
/p/CFLgO_pnzYT/, 0
/p/CFDQ5AlH_RR/, 0
/p/CE_8xSMnUoY/, 0
/p/CE6hUwxHHjy/, 0
/p/CE4s9UxH-kX/, 0
/p/CEr506BHEIQ/, 0
/p/CEnp-bFHYQU/, 0
/p/CEnp8N9HLtg/, 0
/p/CEnpxYbHjUz/, 0
/p/CEg6cmWHNJ2/, 0
/p/CEcSXTYHi8-/, 0
/p/CEXKVBvnHwf/, 0
/p/CES2bQTn6Tg/, 0
/p/CEPcyU7Hf5r/, 0
/p/CEOhsTfHIgk/, 0
/p/CD7ueuzHQA9/, 0
/p/CD3-K_CHHPW/, 0
/p/CD1InsHHip1/, 0
/p/CD0XRE_H2EK/, 0
/p/CDoiJuWnYgy/, 0
/p/CDmHM_anr4L/, 0
/p/CDWFOmXHa9x/, 0
/p/CDL-DZzn4B-/, 0
/p/CDJMktjn8Bx/, 0
/p/CDG6UlxnX_M/, 0
/p/CDBlJrJHj1F/, 0
/p/CC8yNS6nYJf/, 0
/p/CC38jYtHn_r/, 0
/p/CCx5JnLnGNU/, 0
/p/CCtQrO9H0XF/, 0
/p/CCqF-IxnTrc/, 0
/p/CCliWwfnzRD/, 0
/p/CCdUtO8HK1I/, 0
/p/CCa1W4uHpkY/, 0
/p/CCY_iM6njEI/, 0
/p/CCWUTo8nViY/, 0
/p/CCQcZQBHBjS/, 0
/p/CCN4fGlHKUw/, 0
/p/CCJZThonf8c/, 0
/p/CCFtwIEHu5P/, 0
/p/CB-8dwknDlU/, 0
/p/CB8euRinggZ/, 0
/p/CB5lG2Anckw/, 0
/p/CB1oMoMnl6x/, 0
/p/CB0PDRSHnFz/, 0
/p/CBs5rUvHSi9/, 0
/p/CBsNifenthO/, 0
/p/CBqzNCBHYcw/, 0
/p/CBnLq6RHCb9/, 0
/p/CBc1GT0nMYK/, 0
/p/CBZ-NRwHZPV/, 0
/p/CBYfc1kHyaL/, 0
/p/CBXAOoRn50C/, 0
/p/CBSF1iYHXyp/, 0
/p/CBQkkNIH8bg/, 0
/p/CBNeS-7Ho6z/, 0
/p/CBKhpMLHm6y/, 0
/p/CBIHUDWHy2c/, 0
/p/CBF5_A_HpFi/, 0
/p/CBD8_IpHU4u/, 0
/p/CBCunCLHJDB/, 0
/p/CA7CTTEnIVT/, 0
/p/CAxdQ5THpEl/, 0
/p/CAvZ56bHG3R/, 0
/p/CAro9ZWnosl/, 0
/p/CAppWUanyB8/, 0
/p/CAf9doEnR8o/, 0
/p/CAZ80L9Hl8K/, 0
/p/CAZeZdRH9iX/, 0
/p/CAM2AiAnITL/, 0
/p/CADw42NnRWz/, 0
/p/CACU8vmHZ2i/, 0
/p/CAAd8qsnsxn/, 0
/p/B_9Qe0nHWGA/, 0
/p/B_6tVabH5Ev/, 0
/p/B_5cv8XHabR/, 0
/p/B_2d5iejw5a/, 0
/p/B_yplHAHWzi/, 0
/p/B_uiHvgHSnh/, 0
/p/B_uFR5IHIGb/, 0
/p/B_mwJv1HvPL/, 0
/p/B_gUFrdHQzX/, 0
/p/B_XH2nlHe0r/, 0
/p/B_Um1CHnKWZ/, 0
/p/B_HRwj-nCBq/, 0
/p/B_EtETAHSEh/, 0
/p/B-_qdnQnJHj/, 0
/p/B-6_XXJHTWN/, 0
/p/B-6R8TMnX8q/, 0
/p/B-32RPqHlMb/, 0
/p/B-y5abcHJqi/, 0
/p/B-wsQYXn3KB/, 0
/p/B-twCoNHT3G/, 0
/p/B-l22iBHQU6/, 0
/p/B-SCjVMHed9/, 0
/p/B-RGJK_nrsh/, 0
/p/B-GmutKnhuB/, 0
/p/B-EBVc8nnOJ/, 0
/p/B98x_Fqn0Yi/, 0
/p/B9yjDfXn7h-/, 0
/p/B9lsH_EngNL/, 0
/p/B9jLjyynC0T/, 0
/p/B9i1MxdHA8F/, 0
/p/B9gprvQHLFk/, 0
/p/B9eVLsCH-Si/, 0
/p/B9WV4gfnZd4/, 0
/p/B9OckpxHplH/, 0
/p/B9LzSLRHAC1/, 0
/p/B9EV5Hwn8Ya/, 0
/p/B8i_mhGn-jW/, 0
/p/B8hwUzdnUuT/, 0
/p/B8TgGXdHVk8/, 0
/p/B8FlVBvna8S/, 0
/p/B7x_mm7HebS/, 0
/p/B7uU_C3npUO/, 0
/p/B7r4St9HnrY/, 0
/p/B7kpbKcnmkT/, 0
/p/B7fhHWGnykf/, 0
/p/B7d1ZQ5neS-/, 0
/p/B7amh6knRSu/, 0
/p/B7YB5H_HkHk/, 0
/p/B7SsOohnLvf/, 0
/p/B7PzQc_HYtO/, 0
/p/B7PmA5JnIFm/, 0
/p/B7L4pv4n5GR/, 0
/p/B7K9fufnTuD/, 0
/p/B7JLykjnrw8/, 0
/p/B7IY3arHrNZ/, 0
/p/B7BVt6inMbf/, 0
/p/B60KBn4H2yK/, 0
/p/B6xLbiTHcsX/, 0
/p/B6t87bznV-V/, 0
/p/B6s1x4RnYHK/, 0
/p/B6qN63zH_Ik/, 0
/p/B6lRv_jHO2d/, 0
/p/B6fiIsaHbBz/, 0
/p/B6cKDmPny_h/, 0
/p/B6aXYHKn58k/, 0
/p/B6YIlKGn3te/, 0
/p/B6XM5w0nf_t/, 0
/p/B6VsjYGntaj/, 0
/p/B6Vsdb5nqlA/, 0
/p/B6O9W24nUOR/, 0
/p/B6MuI8AHfiA/, 0
/p/B6IBSEZnOLf/, 0
/p/B6C3hUHHl-1/, 0
/p/B6AbIdGHpvq/, 0
/p/B5_iqzcHUZg/, 0
/p/B57jYt_HA74/, 0
/p/B545u5lHXJU/, 0
/p/B54i0LKHqnO/, 0
/p/B5xnNPjHhXu/, 0
/p/B5sVxaHnpzU/, 0
/p/B5rDYjgHFRA/, 0
/p/B5oLpNVncee/, 0
/p/B5lz9PqHvIK/, 0
/p/B5kDCPgHA6W/, 0
/p/B5iCaiCnKkQ/, 0
/p/B5hBUjknJeC/, 0
/p/B5fdAMxHhg_/, 0
/p/B5eXwmdnyjf/, 0
/p/B5PlNqyHTGh/, 0
/p/B5Ngjw-neAK/, 0
/p/B5M5G6sHODn/, 0
/p/B5KH27PHL0F/, 0
/p/B5IOXggH5TD/, 0
/p/B5FpXOhHCbL/, 0
/p/B4_N1uJHjbT/, 0
/p/B4_A66EHOG-/, 0
/p/B47e6lanc52/, 0
/p/B469v9onqbo/, 0
/p/B45I5fgnfT6/, 0
/p/B41l4K8nCBW/, 0
/p/B4zIMC9n3cM/, 0
/p/B4ypj7cHsqR/, 0
/p/B4wgLJVnFUC/, 0
/p/B4wA6rUnrrL/, 0
/p/B4pdGm3H1a6/, 0
/p/B4o65kdnEzi/, 0
/p/B4l-uTuHWng/, 0
/p/B4joH5hHcDp/, 0
/p/B4g0hjtHaj0/, 0
/p/B4fGjS6HeYX/, 0
/p/B4eTBNpneAZ/, 0
/p/B4bczZ3nJAC/, 0
/p/B4ZQfgvn_ne/, 0
/p/B4XdmGbnV4o/, 0
/p/B4W87ZLHn1K/, 0
/p/B4U94uOHYll/, 0
/p/B4PSl6-HqL_/, 0
/p/B4ORM1bHddy/, 0
/p/B4JXktwnVmr/, 0
/p/B4HeKrmHv0N/, 0
/p/B4FZJY6Hv49/, 0
/p/B4Cu6SmndiP/, 0
/p/B4B1f8rHEuh/, 0
/p/B36TG8AHbGd/, 0
/p/B33k7llnd_S/, 0
/p/B319fbuHXIt/, 0
/p/B3xCYNonlqn/, 0
/p/B3ufD-JH3a5/, 0
/p/B3olnLxnRsy/, 0
/p/B3oQVpEHM3Q/, 0
/p/B3llizVnE-T/, 0
/p/B3YxzfYnWTB/, 0
/p/B3Vw58hHi0i/, 0
/p/B3UZLB7nwg9/, 0
/p/B3O2NHFnjF_/, 0
/p/B3MlW32nsb_/, 0
/p/B3LTFWenxaL/, 0
/p/B3HtzZSHsS8/, 0
/p/B3FT452n0bO/, 0
/p/B3ABYf4nJUx/, 0
/p/B26a1S5HZIn/, 0
/p/B22qPgfnNSB/, 0
/p/B21FML1H6cf/, 0
/p/B2v8p7sHPLu/, 0
/p/B2tA3UoHU75/, 0
/p/B2mE58JH5br/, 0
/p/B2jeSAPHrg2/, 0
/p/B2f8zyaHffZ/, 0
/p/B2eebt-nrGo/, 0
/p/B2Y33dWH4eL/, 0
/p/B2VE6MgH5jH/, 0
/p/B2Tx4j3nagE/, 0
/p/B2Rg8olHson/, 0
/p/B2NvqqbHWLl/, 0
/p/B2NvmQinmqW/, 0
/p/B2Nvi3aHyxX/, 0
/p/B2NvTb8nRBl/, 0
/p/B2NvQU0HBtU/, 0
/p/B2NvKksHCqn/, 0
/p/B2NvBabH5F8/, 0
/p/B2Nu9OEn5ng/, 0
/p/B2Nu5b9nP00/, 0
/p/B2JtQTxnn6L/, 0
/p/B2EHzhxHjYg/, 0
/p/B2BBihSnoVE/, 0
/p/B13mKr7HxgE/, 0
/p/B10_Hg6HVws/, 0
/p/B1n6e47HMBI/, 0
/p/B1lkiItncpn/, 0
/p/B1jQkcZHuF6/, 0
/p/B1f_VlFHaOF/, 0
/p/B1dhCHlHhkF/, 0
/p/B1YuVxonvbI/, 0
/p/B1Wra36Higb/, 0
/p/B1VnpfknuWO/, 0
/p/B1S21vSnYvg/, 0
/p/B1QnX54HoKp/, 0
/p/B1OeD2wHexC/, 0
/p/B1EaSntnEkt/, 0
/p/B06W5Pln2Bl/, 0
/p/B02CvZ1Hwr4/, 0
/p/B00rxX1nw_d/, 0
/p/B0te9ODHxhP/, 0
/p/B0gL0GoHJAJ/, 0
/p/B0cElsiHMMd/, 0
/p/B0X5-yLn6cL/, 0
/p/B0VeVXeHY7P/, 0
/p/B0TRZrqHVKi/, 0
/p/B0SEKgvH6wM/, 0
/p/B0P7LRTnkQ6/, 0
/p/B0OW9yMHKaI/, 0
/p/B0NaIspHVKY/, 0
/p/B0Lewwlnn63/, 0
/p/B0IP2kfHm6r/, 0
/p/B0GlmHUnKle/, 0
/p/B0DCwxuHuQl/, 0
/p/Bz4vkz5HaDA/, 0
/p/BzzufOuHtQ6/, 0
/p/Bzx5NxCnfyt/, 0
/p/BzvM_2nnq-f/, 0
/p/Bzsa95nHIWN/, 0
/p/BzrziF4Hg9R/, 0
/p/Bzjiyl4Hmbj/, 0
/p/BziQ7CwHGxa/, 0
/p/BzawPZ-n1g0/, 0
/p/BzYkgSenpEU/, 0
/p/BzTmyc2nE4a/, 0
/p/BzQGIM_nX0O/, 0
/p/BzI2OXiHu4H/, 0
/p/BzHqIcynL2N/, 0
/p/By_lqtan6L3/, 0
/p/By7I75oHQ1X/, 0
/p/By5mw1rHlsk/, 0
/p/By4ZEjkHxeF/, 0
/p/Byzqc9pHpDA/, 0
/p/Byt2kEpnnPS/, 0
/p/ByrQKRsnsMP/, 0
/p/BynPrjpnq2o/, 0
/p/Byb9AryHV_r/, 0
/p/Bya0SvxHF68/, 0
/p/ByWRFP2HEaQ/, 0
/p/ByPep7Dnhhg/, 0
/p/ByNlRPTnZEl/, 0
/p/ByMjsp1nesY/, 0
/p/ByFfZQhnPzk/, 0
/p/ByC7kH7nsPP/, 0
/p/Bx7UHYQnoCZ/, 0
/p/Bx2MjIln5rZ/, 0
/p/Bxz2OYBnZHB/, 0
/p/Bxw3ktMnkR4/, 0
/p/Bxr4oJFnKdE/, 0
/p/Bxqk4srHyBA/, 0
/p/BxohGCun2yH/, 0
/p/BxmqQDKHTSW/, 0
/p/BxlhARNH0wX/, 0
/p/Bxjv9Q5HQv_/, 0
/p/BxhOVkenAI3/, 0
/p/BxgT9uZHkK2/, 0
/p/Bxe4mDxHj24/, 0
/p/BxaQrFinxH9/, 0
/p/BxYocy-HQqg/, 0
/p/BxWAgMxnanw/, 0
/p/BxSVeC_Htyu/, 0
/p/BxQ3CetnLfd/, 0
/p/BxPi8ktHMS3/, 0
/p/BxOKQmbnfuW/, 0
/p/BxNEPc2nNc6/, 0
/p/BxL5nnunPlJ/, 0
/p/BxK4qo9HY-D/, 0
/p/BxKZRhdHnmw/, 0
/p/BxHtQdHnHo8/, 0
/p/BxGss-Rnoc_/, 0
/p/BxAGP9sHyR7/, 0
/p/Bw_r8x7HvED/, 0
/p/Bw-c40OHmPD/, 0
/p/Bw943wgHtlL/, 0
/p/Bw8L1Wvntrv/, 0
/p/Bw6oWN0nbMB/, 0
/p/Bw2J4WAHgqr/, 0
/p/BwzO01IH5tE/, 0
/p/BwzBmHnnrJI/, 0
/p/BwwjHn4nQkg/, 0
/p/BwvHpeyHszk/, 0
/p/BwuAwXFHHq-/, 0
/p/Bwq2FnbHwQU/, 0
/p/BwivnTbHIQV/, 0
/p/Bwf7Ls1nWRa/, 0
/p/BwbQDzVHVXw/, 0
/p/BwZbV_VnsQ_/, 0
/p/BwX037fHxy9/, 0
/p/BwUBO01Hu7f/, 0
/p/BwQq8SsHp4d/, 0
/p/BwOOF6pnb8u/, 0
/p/BwL83W0Hia9/, 0
/p/BwIM_TanPU7/, 0
/p/BwESck-nS6o/, 0
/p/BwBrMCdHI98/, 0
/p/BwBrG9IHGnb/, 0
/p/Bv9eopMHsQk/, 0
/p/Bv7Qm2InUjE/, 0
/p/Bv1TRlPnG73/, 0
/p/Bvpr3tVn6Qc/, 0
/p/Bvlw1oUHQs2/, 0
/p/BvgzTa6Hrt8/, 0
/p/Bvc7ny1HuT6/, 0
/p/BvblSvsHgaX/, 0
/p/BvZKBuQHyly/, 0
/p/BvVZF3aHYIz/, 0
/p/BvRZu74HGT8/, 0
/p/BvRKrjUnRwg/, 0
/p/BvPuScjn7KX/, 0
/p/BvNa_9jH_ZA/, 0
/p/BvL6mxqn_ib/, 0
/p/BvJxzEpnCXI/, 0
/p/BvHKwgvHng2/, 0
/p/BvGuoQpnsdV/, 0
/p/BvE1heBHqCX/, 0
/p/BvDDPrZn0i7/, 0
/p/Bu-zp2sHxVN/, 0
/p/Bu89xeWHeRD/, 0
/p/Bu6ysRMHsxB/, 0
/p/Bu5ivVYngrm/, 0
/p/Bu3tNUfng-5/, 0
/p/Bu1bW9AnGCr/, 0
/p/Buu8IcqnTI8/, 0
/p/BunuDLGn72k/, 0
/p/BujGWcBnpJf/, 0
/p/BugMOvEHkSb/, 0
/p/BuVibzFnN_T/, 0
/p/BuTldwdHTfu/, 0
/p/BuSdoYRnxc7/, 0
/p/BuLQAw4nrEh/, 0
/p/BuKth42Hpsm/, 0
/p/BuILzrcnljS/, 0
/p/BuDAlT0n0kq/, 0
/p/Bt6SyHmnGyn/, 0
/p/Bt49wLUnTaO/, 0
/p/Bt4n5Q5ncKa/, 0
/p/Bt33bRznSNo/, 0
/p/Bt2bECmn0R_/, 0
/p/Bt1sedfnnqD/, 0
/p/Btt-rKqHGLH/, 0
/p/BtkVolVnhXu/, 0
/p/BtjkEmxH7gR/, 0
/p/Btd5jPvHQUm/, 0
/p/Btdw-e5nl4i/, 0
/p/BtcgBKenJpk/, 0
/p/BtaakgQnnIU/, 0
/p/BtaHYFTHtlu/, 0
/p/BtUhrLyHp-7/, 0
/p/BtJAr4QnwA_/, 0
/p/BtDqEPfH38V/, 0
/p/Bs-Ui2fnD0W/, 0
/p/Bs9KZUnnfhf/, 0
/p/Bs7zNF4HPDV/, 0
/p/Bs7cExOHhJp/, 0
/p/Bs5GUaQnGDz/, 0
/p/Bs2vvxpnQym/, 0
/p/Bs0W8Y8HQcJ/, 0
/p/Bsyup2GH979/, 0
/p/BsvONfInWth/, 0
/p/Bssi5ifHHS1/, 0
/p/BspumEXHv0n/, 0
/p/BspbTE9nRMp/, 0
/p/Bshebq2naLe/, 0
/p/BsfgMqTn4Dv/, 0
/p/BsffU6_nGLm/, 0
/p/BscoWJXnA3v/, 0
/p/BsXmRCTnhS-/, 0
/p/BsQIiq7HuP_/, 0
/p/BsQFKGwHVGF/, 0
/p/BsFi-WLHIyD/, 0
/p/BsDxtDjHEm1/, 0
/p/BrxF8YZnX2I/, 0
/p/Bruv_5WH_Gu/, 0
/p/BrqYPSaHang/, 0
/p/Brfvsy4HQRg/, 0
/p/Bragm-SHGqz/, 0
/p/BrZ_r1MHRuQ/, 0
/p/BrX8c2jnaHe/, 0
/p/BrR8pfYHU6c/, 0
/p/BrIKuYbHV5k/, 0
/p/BrCsJRUH2kV/, 0
/p/Bq6zXiKn_U-/, 0
/p/Bqbds7JHQiz/, 0
/p/BqUOIVLnrLd/, 0
/p/BqKZIoEHwmr/, 0
/p/BqEwkK-H99R/, 0
/p/BqEWTvjHM4q/, 0
/p/BqAKoaKn-d8/, 0
/p/Bp9WvHxnjGR/, 0
/p/Bpyc9iUne4w/, 0
/p/BpwGe75nP8Q/, 0
/p/BpmwE9YHGCy/, 0
/p/BpmkazPH0YB/, 0
/p/Bpj__5anhaM/, 0
/p/Bpe0jHCnZE9/, 0
/p/BpeN0yVHRTx/, 0
/p/BpZkleknL_d/, 0
/p/BpX7RHDnKSe/, 0
/p/BpXSMdVnEWv/, 0
/p/BpUvo8_neZH/, 0
/p/BpOOW8FnIMv/, 0
/p/BpNKA28HBZS/, 0
/p/BpKKpISHdFc/, 0
/p/BpG5DnWHiN-/, 0
/p/BpFb8l9HdV3/, 0
/p/BpBVJOnHlxT/, 0
/p/Bo_bLKgHt2T/, 0
/p/Bo_LiCbHDhI/, 0
/p/Bo7E_EpHqGt/, 0
/p/Bo6UFYSH64i/, 0
/p/Bo4CQHyHVUv/, 0
/p/Bo02rJvnPQj/, 0
/p/Bop_FN9nRFJ/, 0
/p/Boon2MjH2Oo/, 0
/p/Bol_CtJnYK0/, 0
/p/BolIw0mnlsO/, 0
/p/BogfNy2n8b6/, 0
/p/Bof6tP2n7A_/, 0
/p/BoedWv-HEo4/, 0
/p/BodboMQHC7G/, 0
/p/BoZYJSinYw4/, 0
/p/BoUJJgMn1Gg/, 0
/p/BoMdfnmHTTh/, 0
/p/BoGd07iHuw_/, 0
/p/BoCLsxXnwKu/, 0
/p/BoBYwdynElb/, 0
/p/Bn53HSBhtv-/, 0
/p/Bn0pwTJBHO-/, 0
/p/BnygaD6hC-A/, 0
/p/Bnx6wVfhDu2/, 0
/p/Bnvy7XSBKuG/, 0
/p/BntuORDnF2k/, 0
/p/BntPFNWh25i/, 0
/p/Bnqv-mfhA4j/, 0
/p/BnoOvTPBPFl/, 0
/p/BnnP96_hCEa/, 0
/p/Bnd67FaBFmc/, 0
/p/BnasYgfh3bd/, 0
/p/BnZC01oBEIX/, 0
/p/BnYj9UJBU8h/, 0
/p/BnUHKfVBxUx/, 0
/p/BnEJnhChCMN/, 0
/p/Bm-SvYKhy9D/, 0
/p/Bm3zvVtBS68/, 0
/p/Bm1ElM1hEzH/, 0
/p/BmxuVE1hgA8/, 0
/p/BmwKK0MBaLN/, 0
/p/BmvETMehL5O/, 0
/p/BmtvH-zhKy-/, 0
/p/BmtvBTQBCIp/, 0
/p/BmoI8ryBkP6/, 0
/p/BmjNAnkBzXF/, 0
/p/Bmh7WziBVbA/, 0
/p/Bmdi2ouhwm3/, 0
/p/BmdPr9Ahsp4/, 0
/p/BmbMy44Bb7C/, 0
/p/BmamRv2hHwC/, 0
/p/BmXjmqrBJvx/, 0
/p/BmQZTIxBId8/, 0
/p/BmJZDmOhkYc/, 0
/p/BmCffCEH8Rf/, 0
/p/Bl-b8whhGZS/, 0
/p/Bl83S3lBmXo/, 0
/p/Bl70z66hkpu/, 0
/p/Bl5hQsIjYdj/, 0
/p/Bl2-kscBSOT/, 0
/p/Blxzdb5l890/, 0
/p/BlsABnKHv1z/, 0
/p/BlohneVB-8F/, 0
/p/Blj0tbyhbdp/, 0
/p/BlR7xKmhH9S/, 0
/p/BlR7tszhn4c/, 0
/p/BlR7n7Jh0Iu/, 0
/p/BlR7iGVB8NG/, 0
/p/BlR7cl1hEay/, 0
/p/BlR7Qx2BEdj/, 0
/p/BlL9VHRnST-/, 0
/p/BlI4_mzhUn8/, 0
/p/BlGTHlAhFt-/, 0
/p/BlFsXL3hkxu/, 0
/p/BlE4OJqBikx/, 0
/p/BlBtuiRBPh7/, 0
/p/Bk-hxqIBOo3/, 0
/p/Bk95eODh_r_/, 0
/p/BkubFEoBzu0/, 0
/p/BknTyRKBooV/, 0
/p/BkblaqJBwQG/, 0
/p/BkatNQ2BxIY/, 0
/p/BkZ5N4KhgtS/, 0
/p/BkXCRkDH0Vf/, 0
/p/BkSOnqTh_Is/, 0
/p/BkQLs9dhamp/, 0
/p/BkP3CSUhWmL/, 0
/p/BkPRDmCBZEG/, 0
/p/BkKaQsoBBIl/, 0
/p/BkE-9pDBRoz/, 0
/p/BkCvAPmhtmV/, 0
/p/Bj_9tDyhXYa/, 0
/p/Bj_hNHAhgbl/, 0
/p/Bj3U6TthPdt/, 0
/p/Bj1prUmhIq-/, 0
/p/BjzS4HPh4QH/, 0
/p/BjyuOAhBID-/, 0
/p/BjvnU2vhO1x/, 0
/p/Bjtv-nDBlSF/, 0
/p/Bjqy_mGh5Jm/, 0
/p/BjqnVjChzkD/, 0
/p/Bjj41yuBuoa/, 0
/p/Bji6S7kBsRB/, 0
/p/Bjfumh6BJoW/, 0
/p/Bjc36mLBDtB/, 0
/p/Bjbv6wuho2K/, 0
/p/BjUL4wlBqT1/, 0
/p/BjSSgubhILS/, 0
/p/BjPvj6MBHzK/, 0
/p/BjIIPRMhxAv/, 0
/p/Bi9qQtThDCa/, 0
/p/Bi1KnLzBEIR/, 0
/p/Biy9i5xhbkm/, 0
/p/BiyaQuuBWlN/, 0
/p/Biw4htphAJB/, 0
/p/BiwTJAsBErv/, 0
/p/Bitu8s8Bav3/, 0
/p/BimHwI-BK0m/, 0
/p/BihU0C5BILN/, 0
/p/BieVXglB7PM/, 0
/p/BieS2LbhOgV/, 0
/p/BiR9dWjhLsU/, 0
/p/BiNrvLsB52a/, 0
/p/BiNozN6huED/, 0
/p/BiKQVbUB-5l/, 0
/p/BiE3Cavh8xh/, 0
/p/BiEGonrhbfq/, 0
/p/Bh1wniQhBeK/, 0
/p/BhyPNRyh3KF/, 0
/p/BhvqotmhW3X/, 0
/p/BhtONhMBhGK/, 0
/p/BhnA4tWhQzc/, 0
/p/BhiiB0bhP0X/, 0
/p/BheyIJkhK-G/, 0
/p/BhZDE9RB-XM/, 0
/p/BhNvKOJBUFn/, 0
/p/BhJU_gDBBgc/, 0
/p/BhEIrUCBz2i/, 0
/p/BhCju1Wh0jX/, 0
/p/Bg6b4jPhIXu/, 0
/p/Bg34Ld0hyg6/, 0
/p/Bg0m4NaBrnL/, 0
/p/BgySStRhKFz/, 0
/p/BgwS6GXhyyj/, 0
/p/BgqaO7bhrnu/, 0
/p/Bga41ANhg7R/, 0
/p/BgT7Q9XBqXX/, 0
/p/BgTKRACB5bV/, 0
/p/BgLawBLhqC0/, 0
/p/BgJGvm3ha2s/, 0
/p/BgE3n_dBm1Y/, 0
/p/Bf-sRyShx24/, 0
/p/Bf9WjYyBKEK/, 0
/p/Bf6QzkKhAvo/, 0
/p/Bf3nlgdh68C/, 0
/p/Bf3YDEIBgDW/, 0
/p/Bftz-MJh4ki/, 0
/p/BfrgP55h-wR/, 0
/p/Bfn35U0B6PV/, 0
/p/BfiL1w-B2qt/, 0
/p/BffkAcRB4_R/, 0
/p/BfbLm1RBGe4/, 0
/p/BfXz49KhtLn/, 0
/p/BfVzgKRhXst/, 0
/p/BfOfNc0B7C0/, 0
/p/BfOF3QLBzin/, 0
/p/BfLil1Nh5nn/, 0
/p/BefVY7Gh4cI/, 0
/p/Beaa8V8HE_n/, 0
/p/BePpvBonzjj/, 0
/p/BeGDn6gHqa7/, 0
/p/BeDD1YcHSy6/, 0
/p/Bd8NtoHnrrj/, 0
/p/Bd0NLhhHqeB/, 0
/p/BduwmcGH4aq/, 0
/p/BdrSbhpHxB4/, 0
/p/Bdb_iLtHZdJ/, 0
/p/BdXkw8Zn7Sm/, 0
/p/BdPw_jYHowP/, 0
/p/BdFW6L4nvgE/, 0
/p/Bcg96H4nHUD/, 0
/p/BccNp_lnO0_/, 0
/p/BcabXELHWmV/, 0
/p/BcSPuzNnQ3m/, 0
/p/Bb_uqVVnR_1/, 0
/p/Bb0tch8HA4g/, 0
/p/BbyTOW6n4SR/, 0
/p/BboAYtpHJxM/, 0
/p/BbiTTKYn-Qq/, 0
/p/BbLBjLZnOkk/, 0
/p/BbGtiSpnk7w/, 0
/p/Ba2mbIRn0oJ/, 0
/p/Bau13nmHTZl/, 0
/p/BalX6RuHUAc/, 0
/p/Bah_wSBH1K-/, 0
/p/Bagb4lanlUK/, 0
/p/BafFW4cnmYt/, 0
/p/BaX_P1uHttc/, 0
/p/BaSzwVCHZdU/, 0
/p/BaPnQAqHKuW/, 0
/p/BaLZqaCnZ2a/, 0
/p/BZ360RWnqlj/, 0
/p/BZ1uRWVnBda/, 0
/p/BZF7cneHc6w/, 0
